model,test_accuracy,cv_accuracy_mean,cv_accuracy_std
Logistic Regression,1.0,0.9759358288770054,0.02263182923080765
Gradient Boosting (XGBoost fallback),0.9761904761904762,0.95222816399287,0.03583996068397657
Random Forest,0.9523809523809523,0.9461675579322637,0.022502294243222126
