k,inertia,silhouette_score
2,1050.2145582853304,0.28735668921406704
3,831.4244352086873,0.28329575683463126
4,700.3917199643637,0.3021082505899252
5,620.1633712888422,0.2992594995920442
6,550.8771884644009,0.2301485226244947
7,495.5358605466382,0.24988972096931128
8,457.58614789124226,0.23881101831198853
