Model,Test Loss,Test Accuracy,Best Validation Accuracy,Epochs Run
CNN,0.8518947958946228,0.7294999957084656,0.7447999715805054,10
Augmented CNN,1.0303317308425903,0.6452000141143799,0.6686000227928162,8
ANN,1.6345007419586182,0.4325999915599823,0.42899999022483826,20
