model,mae,rmse,r2,best_params
Ridge,321.25370534465753,391.24476450518586,0.9885950291225957,
Tuned Ridge,321.6782670023552,391.5042875506503,0.9885798936640866,{'model__alpha': 0.1}
Gradient Boosting,332.93092316800374,405.30642446569726,0.9877604886865776,
Random Forest,329.0425192307693,408.85263430563083,0.9875453736381801,
Tuned Random Forest,329.3578173076923,409.1104075794892,0.9875296639099774,"{'model__max_depth': None, 'model__min_samples_leaf': 1, 'model__n_estimators': 200}"
